title,artist,lowest_note,highest_note,mp3_file
Tum Hi Ho,Arijit Singh,220.00,880.00,tum_hi_ho.mp3
Chaiyya Chaiyya,Sukhwinder Singh,196.00,784.00,chaiyya_chaiyya.mp3
Kal Ho Naa Ho,Sonu Nigam,220.00,880.00,kal_ho_naa_ho.mp3
Tujh Mein Rab Dikhta Hai,Roop Kumar Rathod,196.00,784.00,tujh_mein_rab_dikhta_hai.mp3
Pehla Nasha,Udit Narayan & Sadhana Sargam,220.00,880.00,pehla_nasha.mp3
Maa,Shankar Mahadevan,196.00,784.00,maa.mp3
Agar Tum Saath Ho,Arijit Singh & Alka Yagnik,220.00,880.00,agar_tum_saath_ho.mp3
Jeene Laga Hoon,Atif Aslam & Shreya Ghoshal,196.00,784.00,jeene_laga_hoon.mp3
Tum Se Hi, Mohit Chauhan,220.00,880.00,tum_se_hi.mp3
Sun Saathiya,Priya Saraiya & Divya Kumar,196.00,784.00,sun_saathiya.mp3
Raabta,Arijit Singh,220.00,880.00,raabta.mp3
Tera Ban Jaunga,Akhil Sachdeva & Tulsi Kumar,196.00,784.00,tera_ban_jaunga.mp3
Galliyan,Ankit Tiwari,220.00,880.00,galliyan.mp3
Bolna,Arijit Singh & Asees Kaur,196.00,784.00,bolna.mp3
Janam Janam,Arijit Singh & Antara Mitra,220.00,880.00,janam_janam.mp3
Dil Dhadakne Do,Vishal Dadlani & Shankar Mahadevan,196.00,784.00,dil_dhadakne_do.mp3
Tera Hone Laga Hoon,Atif Aslam & Alisha Chinai,220.00,880.00,tera_hone_laga_hoon.mp3
Subhanallah,Sreeramachandra & Shilpa Rao,196.00,784.00,subhanallah.mp3
Tera Yaar Hoon Main,Arijit Singh,220.00,880.00,tera_yaar_hoon_main.mp3
Kaun Tujhe,Palak Muchhal,196.00,784.00,kaun_tujhe.mp3
Samjhawan,Arijit Singh & Shreya Ghoshal,220.00,880.00,samjhawan.mp3
Muskurane,Arijit Singh,196.00,784.00,muskurane.mp3
Hasi,Ami Mishra,220.00,880.00,hasi.mp3
Soch Na Sake,Arijit Singh & Tulsi Kumar,196.00,784.00,soch_na_sake.mp3
Sanam Re,Arijit Singh,220.00,880.00,sanam_re.mp3
Gerua,Arijit Singh & Antara Mitra,196.00,784.00,gerua.mp3
Zaalima,Arijit Singh & Harshdeep Kaur,220.00,880.00,zaalima.mp3
Ae Dil Hai Mushkil,Arijit Singh,196.00,784.00,ae_dil_hai_mushkil.mp3
Enna Sona,Arijit Singh,220.00,880.00,enna_sona.mp3
Dil Diyan Gallan,Atif Aslam,196.00,784.00,dil_diyan_gallan.mp3
Tera Zikr,Darshan Raval,220.00,880.00,tera_zikr.mp3
Qaafirana,Arijit Singh & Nikhita Gandhi,196.00,784.00,qaafirana.mp3
Tera Ban Jaunga,Akhil Sachdeva & Tulsi Kumar,220.00,880.00,tera_ban_jaunga.mp3
Bekhayali,Arijit Singh,196.00,784.00,bekhayali.mp3
Khairiyat,Arijit Singh,220.00,880.00,khairiyat.mp3
Shayad,Arijit Singh,196.00,784.00,shayad.mp3
Tujhe Kitna Chahne Lage,Arijit Singh,220.00,880.00,tujhe_kitna_chahne_lage.mp3
Malang Title Track,Vishal Dadlani,196.00,784.00,malang_title_track.mp3
Mere Liye Tum Kaafi Ho,Amitabh Bhattacharya,220.00,880.00,mere_liye_tum_kaafi_ho.mp3
Dil Bechara,Arijit Singh,196.00,784.00,dil_bechara.mp3
Hawayein,Arijit Singh,220.00,880.00,hawayein.mp3
Phir Bhi Tumko Chaahunga,Arijit Singh & Shashaa Tirupati,196.00,784.00,phir_bhi_tumko_chaahunga.mp3
Pal,Arijit Singh & Shreya Ghoshal,220.00,880.00,pal.mp3
O Saathi,Atif Aslam,196.00,784.00,o_saathi.mp3
Paniyon Sa,Atif Aslam & Tulsi Kumar,220.00,880.00,paniyon_sa.mp3
Dekhte Dekhte,Atif Aslam,196.00,784.00,dekhte_dekhte.mp3
Tera Ghata,Gajendra Verma,220.00,880.00,tera_ghata.mp3
Vaaste,Dhvani Bhanushali,196.00,784.00,vaaste.mp3

